id,dataObjectsSize,dataObjectsSizeLimit,dataObjectsCount,bags,Utilization,"dataObjectsSize, GB",Property
17,1212567938,1500000000000,19,5,0.000808379,1.12819,
16,1207522722,1500000000000,10,2,0.000805015,1.1235,