Property,Utilization,bags,dataObjectsCount,dataObjectsSize,"dataObjectsSize, GB",dataObjectsSizeLimit,id
,0.000805015,2,10,1207522722,1.1235,1500000000000,16
,0.000808379,5,19,1212567938,1.12819,1500000000000,17